portfolio_date,portfolio_pnl,portfolio_loss,position_pnl_sum,nav,funded_market_value,gross_funded_exposure,overlay_notional,rebalanced,holdings_version
2023-01-04,30042.146611999353,-30042.146611999353,30042.146611999353,10030042.146611996,10030042.146611992,10030042.146611992,501502.1073305998,True,1
2023-01-05,33766.12033524211,-33766.12033524211,33766.12033524211,10063808.266947234,10063808.266947234,10063808.266947234,501502.1073305998,False,1
2023-01-06,20225.262650212775,-20225.262650212775,20225.262650212775,10084033.529597446,10084033.529597446,10084033.529597446,501502.1073305998,False,1
2023-01-09,56850.97030581775,-56850.97030581775,56850.97030581775,10140884.499903265,10140884.499903265,10140884.499903265,501502.1073305998,False,1
2023-01-10,46233.653394188346,-46233.653394188346,46233.653394188346,10187118.153297454,10187118.153297454,10187118.153297454,501502.1073305998,False,1
2023-01-11,15379.92173225192,-15379.92173225192,15379.92173225192,10202498.075029705,10202498.075029705,10202498.075029705,501502.1073305998,False,1
2023-01-12,-49725.0288729399,49725.0288729399,-49725.0288729399,10152773.046156766,10152773.046156766,10152773.046156766,501502.1073305998,False,1
2023-01-13,-34587.00287555888,34587.00287555888,-34587.00287555888,10118186.043281205,10118186.043281205,10118186.043281205,501502.1073305998,False,1
2023-01-16,36570.77771735425,-36570.77771735425,36570.77771735425,10154756.82099856,10154756.82099856,10154756.82099856,501502.1073305998,False,1
2023-01-17,7290.720125641963,-7290.720125641963,7290.720125641963,10162047.541124204,10162047.541124204,10162047.541124204,501502.1073305998,False,1
2023-01-18,-3126.3941217662027,3126.3941217662027,-3126.3941217662027,10158921.147002436,10158921.147002436,10158921.147002436,501502.1073305998,False,1
2023-01-19,-929.7836014222761,929.7836014222761,-929.7836014222761,10157991.363401014,10157991.363401014,10157991.363401014,501502.1073305998,False,1
2023-01-20,-40232.43840378346,40232.43840378346,-40232.43840378346,10117758.924997231,10117758.924997231,10117758.924997231,501502.1073305998,False,1
2023-01-23,22552.312075541864,-22552.312075541864,22552.312075541864,10140311.237072773,10140311.237072773,10140311.237072773,501502.1073305998,False,1
2023-01-24,9265.984894969644,-9265.984894969644,9265.984894969644,10149577.221967742,10149577.221967742,10149577.221967742,501502.1073305998,False,1
2023-01-25,-15169.196230736847,15169.196230736847,-15169.196230736847,10134408.025737006,10134408.025737006,10134408.025737006,501502.1073305998,False,1
2023-01-26,-34545.47192865694,34545.47192865694,-34545.47192865694,10099862.55380835,10099862.55380835,10099862.55380835,501502.1073305998,False,1
2023-01-27,-16958.94327229227,16958.94327229227,-16958.94327229227,10082903.610536056,10082903.610536056,10082903.610536056,501502.1073305998,False,1
2023-01-30,44984.58868088957,-44984.58868088957,44984.58868088957,10127888.199216947,10127888.199216947,10127888.199216947,501502.1073305998,False,1
2023-01-31,74334.35940490564,-74334.35940490564,74334.35940490564,10202222.55862185,10202222.55862185,10202222.55862185,501502.1073305998,False,1
2023-02-01,42348.97272622038,-42348.97272622038,42348.97272622038,10244571.531348072,10244571.531348068,10244571.531348068,512228.5765674036,True,2
2023-02-02,48988.05580781446,-48988.05580781446,48988.05580781446,10293559.587155882,10293559.587155882,10293559.587155882,512228.5765674036,False,2
2023-02-03,12209.426206656608,-12209.426206656608,12209.426206656608,10305769.01336254,10305769.01336254,10305769.01336254,512228.5765674036,False,2
2023-02-06,-72758.29349063312,72758.29349063312,-72758.29349063312,10233010.719871907,10233010.719871907,10233010.719871907,512228.5765674036,False,2
2023-02-07,-67342.7027002486,67342.7027002486,-67342.7027002486,10165668.017171657,10165668.017171657,10165668.017171657,512228.5765674036,False,2
2023-02-08,-18197.1411332482,18197.1411332482,-18197.1411332482,10147470.87603841,10147470.87603841,10147470.87603841,512228.5765674036,False,2
2023-02-09,1527.8055685013048,-1527.8055685013048,1527.8055685013048,10148998.681606911,10148998.681606911,10148998.681606911,512228.5765674036,False,2
2023-02-10,-27039.82303984642,27039.82303984642,-27039.82303984642,10121958.858567063,10121958.858567063,10121958.858567063,512228.5765674036,False,2
2023-02-13,18239.600564469787,-18239.600564469787,18239.600564469787,10140198.459131533,10140198.459131533,10140198.459131533,512228.5765674036,False,2
2023-02-14,-3470.8792530590504,3470.8792530590504,-3470.8792530590504,10136727.579878476,10136727.579878476,10136727.579878476,512228.5765674036,False,2
2023-02-15,66283.5767689804,-66283.5767689804,66283.5767689804,10203011.156647455,10203011.156647455,10203011.156647455,512228.5765674036,False,2
2023-02-16,53646.85863535958,-53646.85863535958,53646.85863535958,10256658.015282815,10256658.015282815,10256658.015282815,512228.5765674036,False,2
2023-02-17,2494.8316087754847,-2494.8316087754847,2494.8316087754847,10259152.84689159,10259152.84689159,10259152.84689159,512228.5765674036,False,2
2023-02-20,31739.242416314977,-31739.242416314977,31739.242416314977,10290892.089307904,10290892.089307904,10290892.089307904,512228.5765674036,False,2
2023-02-21,-116448.28138943123,116448.28138943123,-116448.28138943123,10174443.807918474,10174443.807918474,10174443.807918474,512228.5765674036,False,2
2023-02-22,13677.005588739206,-13677.005588739206,13677.005588739206,10188120.813507214,10188120.813507214,10188120.813507214,512228.5765674036,False,2
2023-02-23,-5004.1209512751275,5004.1209512751275,-5004.1209512751275,10183116.692555938,10183116.692555938,10183116.692555938,512228.5765674036,False,2
2023-02-24,4562.267481236725,-4562.267481236725,4562.267481236725,10187678.960037174,10187678.960037174,10187678.960037174,512228.5765674036,False,2
2023-02-27,6092.88741686559,-6092.88741686559,6092.88741686559,10193771.847454041,10193771.847454041,10193771.847454041,512228.5765674036,False,2
2023-02-28,-85133.38351113674,85133.38351113674,-85133.38351113674,10108638.463942904,10108638.463942904,10108638.463942904,512228.5765674036,False,2
2023-03-01,-22974.58421851426,22974.58421851426,-22974.58421851426,10085663.87972439,10085663.879724387,10085663.879724387,504283.1939862196,True,3
2023-03-02,-35306.2590198413,35306.2590198413,-35306.2590198413,10050357.620704547,10050357.620704547,10050357.620704547,504283.1939862196,False,3
2023-03-03,9886.19551720453,-9886.19551720453,9886.19551720453,10060243.816221751,10060243.816221751,10060243.816221751,504283.1939862196,False,3
2023-03-06,-82374.0437726288,82374.0437726288,-82374.0437726288,9977869.77244912,9977869.77244912,9977869.77244912,504283.1939862196,False,3
2023-03-07,15476.40632372458,-15476.40632372458,15476.40632372458,9993346.178772844,9993346.178772844,9993346.178772844,504283.1939862196,False,3
2023-03-08,28496.788345174213,-28496.788345174213,28496.788345174213,10021842.967118021,10021842.967118021,10021842.967118021,504283.1939862196,False,3
2023-03-09,9695.381690626178,-9695.381690626178,9695.381690626178,10031538.348808646,10031538.348808646,10031538.348808646,504283.1939862196,False,3
2023-03-10,26571.51309153584,-26571.51309153584,26571.51309153584,10058109.861900182,10058109.861900182,10058109.861900182,504283.1939862196,False,3
2023-03-13,22037.51694407337,-22037.51694407337,22037.51694407337,10080147.378844256,10080147.378844256,10080147.378844256,504283.1939862196,False,3
2023-03-14,30696.679647164623,-30696.679647164623,30696.679647164623,10110844.05849142,10110844.05849142,10110844.05849142,504283.1939862196,False,3
2023-03-15,91834.87471417709,-91834.87471417709,91834.87471417709,10202678.933205597,10202678.933205597,10202678.933205597,504283.1939862196,False,3
2023-03-16,-63729.0610510658,63729.0610510658,-63729.0610510658,10138949.87215453,10138949.87215453,10138949.87215453,504283.1939862196,False,3
2023-03-17,-35631.59993836338,35631.59993836338,-35631.59993836338,10103318.272216167,10103318.272216167,10103318.272216167,504283.1939862196,False,3
2023-03-20,-6911.941576196331,6911.941576196331,-6911.941576196331,10096406.330639971,10096406.330639971,10096406.330639971,504283.1939862196,False,3
2023-03-21,-53241.71273317342,53241.71273317342,-53241.71273317342,10043164.617906798,10043164.617906798,10043164.617906798,504283.1939862196,False,3
2023-03-22,13095.819145075431,-13095.819145075431,13095.819145075431,10056260.437051874,10056260.437051874,10056260.437051874,504283.1939862196,False,3
2023-03-23,-14895.334944019029,14895.334944019029,-14895.334944019029,10041365.102107855,10041365.102107855,10041365.102107855,504283.1939862196,False,3
2023-03-24,-39552.52753231665,39552.52753231665,-39552.52753231665,10001812.574575538,10001812.574575538,10001812.574575538,504283.1939862196,False,3
2023-03-27,-98443.35220811094,98443.35220811094,-98443.35220811094,9903369.222367428,9903369.222367428,9903369.222367428,504283.1939862196,False,3
2023-03-28,-34684.03845633588,34684.03845633588,-34684.03845633588,9868685.183911089,9868685.183911089,9868685.183911089,504283.1939862196,False,3
2023-03-29,15593.838753701277,-15593.838753701277,15593.838753701277,9884279.022664793,9884279.022664793,9884279.022664793,504283.1939862196,False,3
2023-03-30,-21112.982169830695,21112.982169830695,-21112.982169830695,9863166.040494962,9863166.040494962,9863166.040494962,504283.1939862196,False,3
2023-03-31,-21935.33976972454,21935.33976972454,-21935.33976972454,9841230.700725237,9841230.700725237,9841230.700725237,504283.1939862196,False,3
2023-04-03,45317.64584787006,-45317.64584787006,45317.64584787006,9886548.346573107,9886548.346573103,9886548.346573103,494327.41732865537,True,4
2023-04-04,-40945.39816611832,40945.39816611832,-40945.39816611832,9845602.948406985,9845602.948406985,9845602.948406985,494327.41732865537,False,4
2023-04-05,61674.05555277953,-61674.05555277953,61674.05555277953,9907277.003959764,9907277.003959764,9907277.003959764,494327.41732865537,False,4
2023-04-06,-107268.09518559424,107268.09518559424,-107268.09518559424,9800008.908774171,9800008.908774171,9800008.908774171,494327.41732865537,False,4
2023-04-07,21935.83768669659,-21935.83768669659,21935.83768669659,9821944.746460866,9821944.746460866,9821944.746460866,494327.41732865537,False,4
2023-04-10,32321.799619994552,-32321.799619994552,32321.799619994552,9854266.546080861,9854266.546080861,9854266.546080861,494327.41732865537,False,4
2023-04-11,-26613.904049297907,26613.904049297907,-26613.904049297907,9827652.642031563,9827652.642031563,9827652.642031563,494327.41732865537,False,4
2023-04-12,12226.28289359932,-12226.28289359932,12226.28289359932,9839878.924925163,9839878.924925163,9839878.924925163,494327.41732865537,False,4
2023-04-13,-37229.97579311632,37229.97579311632,-37229.97579311632,9802648.949132048,9802648.949132048,9802648.949132048,494327.41732865537,False,4
2023-04-14,-12644.508019207009,12644.508019207009,-12644.508019207009,9790004.441112839,9790004.441112839,9790004.441112839,494327.41732865537,False,4
2023-04-17,22845.333459760863,-22845.333459760863,22845.333459760863,9812849.7745726,9812849.7745726,9812849.7745726,494327.41732865537,False,4
2023-04-18,27248.58880181486,-27248.58880181486,27248.58880181486,9840098.363374416,9840098.363374416,9840098.363374416,494327.41732865537,False,4
2023-04-19,-9589.414605865883,9589.414605865883,-9589.414605865883,9830508.948768549,9830508.948768549,9830508.948768549,494327.41732865537,False,4
2023-04-20,45863.22116803896,-45863.22116803896,45863.22116803896,9876372.169936588,9876372.169936588,9876372.169936588,494327.41732865537,False,4
2023-04-21,68287.5536318918,-68287.5536318918,68287.5536318918,9944659.72356848,9944659.72356848,9944659.72356848,494327.41732865537,False,4
2023-04-24,10787.500292509985,-10787.500292509985,10787.500292509985,9955447.22386099,9955447.22386099,9955447.22386099,494327.41732865537,False,4
2023-04-25,-4741.977644216579,4741.977644216579,-4741.977644216579,9950705.246216774,9950705.246216774,9950705.246216774,494327.41732865537,False,4
2023-04-26,-55226.218090130336,55226.218090130336,-55226.218090130336,9895479.028126642,9895479.028126642,9895479.028126642,494327.41732865537,False,4
2023-04-27,-22059.19736831571,22059.19736831571,-22059.19736831571,9873419.830758326,9873419.830758326,9873419.830758326,494327.41732865537,False,4
2023-04-28,-23880.31506090874,23880.31506090874,-23880.31506090874,9849539.515697418,9849539.515697418,9849539.515697418,494327.41732865537,False,4
2023-05-01,35670.68584348354,-35670.68584348354,35670.68584348354,9885210.201540902,9885210.201540899,9885210.201540899,494260.5100770451,True,5
2023-05-02,99177.33687311837,-99177.33687311837,99177.33687311837,9984387.538414016,9984387.538414016,9984387.538414016,494260.5100770451,False,5
2023-05-03,-6596.0063846566945,6596.0063846566945,-6596.0063846566945,9977791.53202936,9977791.53202936,9977791.53202936,494260.5100770451,False,5
2023-05-04,-52875.920558600854,52875.920558600854,-52875.920558600854,9924915.611470759,9924915.611470759,9924915.611470759,494260.5100770451,False,5
2023-05-05,12976.066613292176,-12976.066613292176,12976.066613292176,9937891.678084051,9937891.678084051,9937891.678084051,494260.5100770451,False,5
2023-05-08,-16308.758389688433,16308.758389688433,-16308.758389688433,9921582.919694362,9921582.919694362,9921582.919694362,494260.5100770451,False,5
2023-05-09,-36510.03991490129,36510.03991490129,-36510.03991490129,9885072.879779462,9885072.879779462,9885072.879779462,494260.5100770451,False,5
2023-05-10,35199.63913793924,-35199.63913793924,35199.63913793924,9920272.5189174,9920272.5189174,9920272.5189174,494260.5100770451,False,5
2023-05-11,-51309.5472678911,51309.5472678911,-51309.5472678911,9868962.971649509,9868962.971649509,9868962.971649509,494260.5100770451,False,5
2023-05-12,-11825.482440151787,11825.482440151787,-11825.482440151787,9857137.489209358,9857137.489209358,9857137.489209358,494260.5100770451,False,5
2023-05-15,24015.490746723786,-24015.490746723786,24015.490746723786,9881152.979956081,9881152.979956081,9881152.979956081,494260.5100770451,False,5
2023-05-16,1821.0690385641578,-1821.0690385641578,1821.0690385641578,9882974.048994645,9882974.048994645,9882974.048994645,494260.5100770451,False,5
2023-05-17,-30517.146137421492,30517.146137421492,-30517.146137421492,9852456.902857225,9852456.902857225,9852456.902857225,494260.5100770451,False,5
2023-05-18,30348.9865005986,-30348.9865005986,30348.9865005986,9882805.889357824,9882805.889357824,9882805.889357824,494260.5100770451,False,5
2023-05-19,1498.1397418397569,-1498.1397418397569,1498.1397418397569,9884304.029099662,9884304.029099662,9884304.029099662,494260.5100770451,False,5
2023-05-22,1322.8604932641126,-1322.8604932641126,1322.8604932641126,9885626.889592927,9885626.889592927,9885626.889592927,494260.5100770451,False,5
2023-05-23,74737.2514462527,-74737.2514462527,74737.2514462527,9960364.14103918,9960364.14103918,9960364.14103918,494260.5100770451,False,5
2023-05-24,4876.584197751154,-4876.584197751154,4876.584197751154,9965240.72523693,9965240.72523693,9965240.72523693,494260.5100770451,False,5
2023-05-25,-43302.59125443264,43302.59125443264,-43302.59125443264,9921938.133982498,9921938.133982498,9921938.133982498,494260.5100770451,False,5
2023-05-26,36920.36774713014,-36920.36774713014,36920.36774713014,9958858.501729628,9958858.501729628,9958858.501729628,494260.5100770451,False,5
2023-05-29,61044.51299384272,-61044.51299384272,61044.51299384272,10019903.01472347,10019903.01472347,10019903.01472347,494260.5100770451,False,5
2023-05-30,-22012.62404103845,22012.62404103845,-22012.62404103845,9997890.390682433,9997890.390682433,9997890.390682433,494260.5100770451,False,5
2023-05-31,21639.470602050827,-21639.470602050827,21639.470602050827,10019529.861284483,10019529.861284483,10019529.861284483,494260.5100770451,False,5
2023-06-01,29190.144782707728,-29190.144782707728,29190.144782707728,10048720.00606719,10048720.006067187,10048720.006067187,502436.0003033595,True,6
2023-06-02,14631.60359466128,-14631.60359466128,14631.60359466128,10063351.609661847,10063351.609661847,10063351.609661847,502436.0003033595,False,6
2023-06-05,-5092.816630970371,5092.816630970371,-5092.816630970371,10058258.793030879,10058258.793030879,10058258.793030879,502436.0003033595,False,6
2023-06-06,29785.106475526314,-29785.106475526314,29785.106475526314,10088043.899506405,10088043.899506405,10088043.899506405,502436.0003033595,False,6
2023-06-07,65296.23252953026,-65296.23252953026,65296.23252953026,10153340.132035933,10153340.132035933,10153340.132035933,502436.0003033595,False,6
2023-06-08,50347.51626740943,-50347.51626740943,50347.51626740943,10203687.648303345,10203687.648303345,10203687.648303345,502436.0003033595,False,6
2023-06-09,5951.450026631645,-5951.450026631645,5951.450026631645,10209639.098329974,10209639.098329974,10209639.098329974,502436.0003033595,False,6
2023-06-12,938.359247921957,-938.359247921957,938.359247921957,10210577.457577897,10210577.457577897,10210577.457577897,502436.0003033595,False,6
2023-06-13,31953.152015330143,-31953.152015330143,31953.152015330143,10242530.609593228,10242530.609593228,10242530.609593228,502436.0003033595,False,6
2023-06-14,-16056.2932728491,16056.2932728491,-16056.2932728491,10226474.316320378,10226474.316320378,10226474.316320378,502436.0003033595,False,6
2023-06-15,-35337.298976797436,35337.298976797436,-35337.298976797436,10191137.01734358,10191137.01734358,10191137.01734358,502436.0003033595,False,6
2023-06-16,-66355.50791918539,66355.50791918539,-66355.50791918539,10124781.509424396,10124781.509424396,10124781.509424396,502436.0003033595,False,6
2023-06-19,-39952.032626895394,39952.032626895394,-39952.032626895394,10084829.476797499,10084829.476797499,10084829.476797499,502436.0003033595,False,6
2023-06-20,38284.5377418698,-38284.5377418698,38284.5377418698,10123114.014539368,10123114.014539368,10123114.014539368,502436.0003033595,False,6
2023-06-21,-38777.37670406946,38777.37670406946,-38777.37670406946,10084336.6378353,10084336.6378353,10084336.6378353,502436.0003033595,False,6
2023-06-22,17231.86157288956,-17231.86157288956,17231.86157288956,10101568.49940819,10101568.49940819,10101568.49940819,502436.0003033595,False,6
2023-06-23,32127.812689374114,-32127.812689374114,32127.812689374114,10133696.312097564,10133696.312097564,10133696.312097564,502436.0003033595,False,6
2023-06-26,-24040.718014692204,24040.718014692204,-24040.718014692204,10109655.594082873,10109655.594082873,10109655.594082873,502436.0003033595,False,6
2023-06-27,13671.529611133574,-13671.529611133574,13671.529611133574,10123327.123694006,10123327.123694006,10123327.123694006,502436.0003033595,False,6
2023-06-28,158801.95641182963,-158801.95641182963,158801.95641182963,10282129.080105834,10282129.080105834,10282129.080105834,502436.0003033595,False,6
2023-06-29,40494.93556279951,-40494.93556279951,40494.93556279951,10322624.015668634,10322624.015668634,10322624.015668634,502436.0003033595,False,6
2023-06-30,83796.49426252731,-83796.49426252731,83796.49426252731,10406420.509931162,10406420.509931162,10406420.509931162,502436.0003033595,False,6
2023-07-03,18747.184796119367,-18747.184796119367,18747.184796119367,10425167.694727283,10425167.69472728,10425167.69472728,521258.3847363642,True,7
2023-07-04,-37426.23562648261,37426.23562648261,-37426.23562648261,10387741.459100796,10387741.459100796,10387741.459100796,521258.3847363642,False,7
2023-07-05,-38422.2866529431,38422.2866529431,-38422.2866529431,10349319.172447853,10349319.172447853,10349319.172447853,521258.3847363642,False,7
2023-07-06,-39691.23372474101,39691.23372474101,-39691.23372474101,10309627.938723112,10309627.938723112,10309627.938723112,521258.3847363642,False,7
2023-07-07,-55473.55922123883,55473.55922123883,-55473.55922123883,10254154.379501874,10254154.379501874,10254154.379501874,521258.3847363642,False,7
2023-07-10,-36281.25614577019,36281.25614577019,-36281.25614577019,10217873.123356104,10217873.123356104,10217873.123356104,521258.3847363642,False,7
2023-07-11,7645.9990539435,-7645.9990539435,7645.9990539435,10225519.122410046,10225519.122410046,10225519.122410046,521258.3847363642,False,7
2023-07-12,-46768.244698509385,46768.244698509385,-46768.244698509385,10178750.877711538,10178750.877711538,10178750.877711538,521258.3847363642,False,7
2023-07-13,6325.7680246150485,-6325.7680246150485,6325.7680246150485,10185076.645736152,10185076.645736152,10185076.645736152,521258.3847363642,False,7
2023-07-14,-45955.65023417632,45955.65023417632,-45955.65023417632,10139120.995501976,10139120.995501976,10139120.995501976,521258.3847363642,False,7
2023-07-17,54091.4809177127,-54091.4809177127,54091.4809177127,10193212.47641969,10193212.47641969,10193212.47641969,521258.3847363642,False,7
2023-07-18,23664.405344802908,-23664.405344802908,23664.405344802908,10216876.881764494,10216876.881764494,10216876.881764494,521258.3847363642,False,7
2023-07-19,40102.23869993287,-40102.23869993287,40102.23869993287,10256979.120464426,10256979.120464426,10256979.120464426,521258.3847363642,False,7
2023-07-20,12044.574080921355,-12044.574080921355,12044.574080921355,10269023.694545345,10269023.694545345,10269023.694545345,521258.3847363642,False,7
2023-07-21,14689.187086724936,-14689.187086724936,14689.187086724936,10283712.881632071,10283712.881632071,10283712.881632071,521258.3847363642,False,7
2023-07-24,-72573.45746521567,72573.45746521567,-72573.45746521567,10211139.424166854,10211139.424166854,10211139.424166854,521258.3847363642,False,7
2023-07-25,3192.7352642829583,-3192.7352642829583,3192.7352642829583,10214332.159431137,10214332.159431137,10214332.159431137,521258.3847363642,False,7
2023-07-26,-12997.733305439198,12997.733305439198,-12997.733305439198,10201334.426125698,10201334.426125698,10201334.426125698,521258.3847363642,False,7
2023-07-27,-19502.993804877067,19502.993804877067,-19502.993804877067,10181831.432320822,10181831.432320822,10181831.432320822,521258.3847363642,False,7
2023-07-28,5928.2112564335885,-5928.2112564335885,5928.2112564335885,10187759.643577255,10187759.643577255,10187759.643577255,521258.3847363642,False,7
2023-07-31,8245.398655757166,-8245.398655757166,8245.398655757166,10196005.042233013,10196005.042233013,10196005.042233013,521258.3847363642,False,7
2023-08-01,-51510.937080729374,51510.937080729374,-51510.937080729374,10144494.105152283,10144494.105152281,10144494.105152281,507224.70525761414,True,8
2023-08-02,-11308.244238770198,11308.244238770198,-11308.244238770198,10133185.86091351,10133185.86091351,10133185.86091351,507224.70525761414,False,8
2023-08-03,-3219.4613168875776,3219.4613168875776,-3219.4613168875776,10129966.399596622,10129966.399596622,10129966.399596622,507224.70525761414,False,8
2023-08-04,-52348.684877237894,52348.684877237894,-52348.684877237894,10077617.714719383,10077617.714719383,10077617.714719383,507224.70525761414,False,8
2023-08-07,-13277.542508468545,13277.542508468545,-13277.542508468545,10064340.172210915,10064340.172210915,10064340.172210915,507224.70525761414,False,8
2023-08-08,-35905.28311751275,35905.28311751275,-35905.28311751275,10028434.889093403,10028434.889093403,10028434.889093403,507224.70525761414,False,8
2023-08-09,-132506.3607619834,132506.3607619834,-132506.3607619834,9895928.528331418,9895928.528331418,9895928.528331418,507224.70525761414,False,8
2023-08-10,-76235.5306972868,76235.5306972868,-76235.5306972868,9819692.997634131,9819692.997634131,9819692.997634131,507224.70525761414,False,8
2023-08-11,11020.30821981485,-11020.30821981485,11020.30821981485,9830713.305853946,9830713.305853946,9830713.305853946,507224.70525761414,False,8
2023-08-14,21077.548522182904,-21077.548522182904,21077.548522182904,9851790.85437613,9851790.85437613,9851790.85437613,507224.70525761414,False,8
2023-08-15,-52701.236486900234,52701.236486900234,-52701.236486900234,9799089.61788923,9799089.61788923,9799089.61788923,507224.70525761414,False,8
2023-08-16,8597.641610719584,-8597.641610719584,8597.641610719584,9807687.259499948,9807687.259499948,9807687.259499948,507224.70525761414,False,8
2023-08-17,30861.067445703517,-30861.067445703517,30861.067445703517,9838548.326945651,9838548.326945651,9838548.326945651,507224.70525761414,False,8
2023-08-18,41008.19987077091,-41008.19987077091,41008.19987077091,9879556.526816424,9879556.526816424,9879556.526816424,507224.70525761414,False,8
2023-08-21,-43860.98039276645,43860.98039276645,-43860.98039276645,9835695.546423655,9835695.546423655,9835695.546423655,507224.70525761414,False,8
2023-08-22,-44351.122607058154,44351.122607058154,-44351.122607058154,9791344.423816597,9791344.423816597,9791344.423816597,507224.70525761414,False,8
2023-08-23,-27355.28245193127,27355.28245193127,-27355.28245193127,9763989.141364668,9763989.141364668,9763989.141364668,507224.70525761414,False,8
2023-08-24,47846.750984596765,-47846.750984596765,47846.750984596765,9811835.892349264,9811835.892349264,9811835.892349264,507224.70525761414,False,8
2023-08-25,-4897.056359324231,4897.056359324231,-4897.056359324231,9806938.83598994,9806938.83598994,9806938.83598994,507224.70525761414,False,8
2023-08-28,-29899.110149607986,29899.110149607986,-29899.110149607986,9777039.725840332,9777039.725840332,9777039.725840332,507224.70525761414,False,8
2023-08-29,-8303.480292373228,8303.480292373228,-8303.480292373228,9768736.245547958,9768736.245547958,9768736.245547958,507224.70525761414,False,8
2023-08-30,-54993.6176697618,54993.6176697618,-54993.6176697618,9713742.627878197,9713742.627878197,9713742.627878197,507224.70525761414,False,8
2023-08-31,-20588.852325874646,20588.852325874646,-20588.852325874646,9693153.775552321,9693153.775552321,9693153.775552321,507224.70525761414,False,8
2023-09-01,5868.3207672679855,-5868.3207672679855,5868.3207672679855,9699022.09631959,9699022.096319586,9699022.096319586,484951.1048159795,True,9
2023-09-04,-56699.383247662125,56699.383247662125,-56699.383247662125,9642322.713071924,9642322.713071924,9642322.713071924,484951.1048159795,False,9
2023-09-05,-26454.106997961222,26454.106997961222,-26454.106997961222,9615868.606073963,9615868.606073963,9615868.606073963,484951.1048159795,False,9
2023-09-06,-24549.19620441925,24549.19620441925,-24549.19620441925,9591319.409869544,9591319.409869544,9591319.409869544,484951.1048159795,False,9
2023-09-07,-37445.02722054568,37445.02722054568,-37445.02722054568,9553874.382648997,9553874.382648997,9553874.382648997,484951.1048159795,False,9
2023-09-08,-28716.05910134342,28716.05910134342,-28716.05910134342,9525158.323547654,9525158.323547654,9525158.323547654,484951.1048159795,False,9
2023-09-11,2265.9254255913424,-2265.9254255913424,2265.9254255913424,9527424.248973247,9527424.248973247,9527424.248973247,484951.1048159795,False,9
2023-09-12,-43610.231267979296,43610.231267979296,-43610.231267979296,9483814.017705265,9483814.017705265,9483814.017705265,484951.1048159795,False,9
2023-09-13,-16817.204763049085,16817.204763049085,-16817.204763049085,9466996.812942218,9466996.812942218,9466996.812942218,484951.1048159795,False,9
2023-09-14,-58527.56691730599,58527.56691730599,-58527.56691730599,9408469.24602491,9408469.24602491,9408469.24602491,484951.1048159795,False,9
2023-09-15,-22556.898518663722,22556.898518663722,-22556.898518663722,9385912.347506247,9385912.347506247,9385912.347506247,484951.1048159795,False,9
2023-09-18,18636.177060726048,-18636.177060726048,18636.177060726048,9404548.524566974,9404548.524566974,9404548.524566974,484951.1048159795,False,9
2023-09-19,-28296.05666716946,28296.05666716946,-28296.05666716946,9376252.467899805,9376252.467899805,9376252.467899805,484951.1048159795,False,9
2023-09-20,-23598.19639676825,23598.19639676825,-23598.19639676825,9352654.271503035,9352654.271503035,9352654.271503035,484951.1048159795,False,9
2023-09-21,33442.48112319139,-33442.48112319139,33442.48112319139,9386096.752626225,9386096.752626225,9386096.752626225,484951.1048159795,False,9
2023-09-22,29292.876948353496,-29292.876948353496,29292.876948353496,9415389.629574582,9415389.629574582,9415389.629574582,484951.1048159795,False,9
2023-09-25,47368.197315704994,-47368.197315704994,47368.197315704994,9462757.826890286,9462757.826890286,9462757.826890286,484951.1048159795,False,9
2023-09-26,-21935.535705854047,21935.535705854047,-21935.535705854047,9440822.291184433,9440822.291184433,9440822.291184433,484951.1048159795,False,9
2023-09-27,-8485.851699635696,8485.851699635696,-8485.851699635696,9432336.439484796,9432336.439484796,9432336.439484796,484951.1048159795,False,9
2023-09-28,-73677.82665382816,73677.82665382816,-73677.82665382816,9358658.612830967,9358658.612830967,9358658.612830967,484951.1048159795,False,9
2023-09-29,-35597.04233559859,35597.04233559859,-35597.04233559859,9323061.570495369,9323061.570495369,9323061.570495369,484951.1048159795,False,9
2023-10-02,-51629.38636642047,51629.38636642047,-51629.38636642047,9271432.18412895,9271432.184128946,9271432.184128946,463571.6092064475,True,10
2023-10-03,-76308.53621805907,76308.53621805907,-76308.53621805907,9195123.647910887,9195123.647910887,9195123.647910887,463571.6092064475,False,10
2023-10-04,-20466.62512478609,20466.62512478609,-20466.62512478609,9174657.0227861,9174657.0227861,9174657.0227861,463571.6092064475,False,10
2023-10-05,15312.86443075359,-15312.86443075359,15312.86443075359,9189969.887216855,9189969.887216855,9189969.887216855,463571.6092064475,False,10
2023-10-06,33202.52200520092,-33202.52200520092,33202.52200520092,9223172.409222055,9223172.409222055,9223172.409222055,463571.6092064475,False,10
2023-10-09,-9294.026959550609,9294.026959550609,-9294.026959550609,9213878.382262504,9213878.382262504,9213878.382262504,463571.6092064475,False,10
2023-10-10,37321.140713871486,-37321.140713871486,37321.140713871486,9251199.522976376,9251199.522976376,9251199.522976376,463571.6092064475,False,10
2023-10-11,16919.167480139913,-16919.167480139913,16919.167480139913,9268118.690456515,9268118.690456515,9268118.690456515,463571.6092064475,False,10
2023-10-12,-44922.380349856576,44922.380349856576,-44922.380349856576,9223196.310106657,9223196.310106657,9223196.310106657,463571.6092064475,False,10
2023-10-13,-9009.933910304084,9009.933910304084,-9009.933910304084,9214186.376196355,9214186.376196355,9214186.376196355,463571.6092064475,False,10
2023-10-16,35122.17723438887,-35122.17723438887,35122.17723438887,9249308.553430744,9249308.553430744,9249308.553430744,463571.6092064475,False,10
2023-10-17,52797.48315734502,-52797.48315734502,52797.48315734502,9302106.03658809,9302106.03658809,9302106.03658809,463571.6092064475,False,10
2023-10-18,19312.771160665805,-19312.771160665805,19312.771160665805,9321418.807748754,9321418.807748754,9321418.807748754,463571.6092064475,False,10
2023-10-19,-27803.040333298828,27803.040333298828,-27803.040333298828,9293615.767415455,9293615.767415455,9293615.767415455,463571.6092064475,False,10
2023-10-20,-61353.802860886055,61353.802860886055,-61353.802860886055,9232261.96455457,9232261.96455457,9232261.96455457,463571.6092064475,False,10
2023-10-23,142.85369211605064,-142.85369211605064,142.85369211605064,9232404.818246685,9232404.818246685,9232404.818246685,463571.6092064475,False,10
2023-10-24,8804.531522689314,-8804.531522689314,8804.531522689314,9241209.349769376,9241209.349769376,9241209.349769376,463571.6092064475,False,10
2023-10-25,3662.1635748100935,-3662.1635748100935,3662.1635748100935,9244871.513344185,9244871.513344185,9244871.513344185,463571.6092064475,False,10
2023-10-26,26243.075733170863,-26243.075733170863,26243.075733170863,9271114.589077355,9271114.589077355,9271114.589077355,463571.6092064475,False,10
2023-10-27,42266.433192625336,-42266.433192625336,42266.433192625336,9313381.022269981,9313381.022269981,9313381.022269981,463571.6092064475,False,10
2023-10-30,46170.386609678535,-46170.386609678535,46170.386609678535,9359551.40887966,9359551.40887966,9359551.40887966,463571.6092064475,False,10
2023-10-31,46761.37133974205,-46761.37133974205,46761.37133974205,9406312.780219402,9406312.780219402,9406312.780219402,463571.6092064475,False,10
2023-11-01,-14582.681464807647,14582.681464807647,-14582.681464807647,9391730.098754594,9391730.09875459,9391730.09875459,469586.50493772974,True,11
2023-11-02,-9302.318078447017,9302.318078447017,-9302.318078447017,9382427.780676143,9382427.780676143,9382427.780676143,469586.50493772974,False,11
2023-11-03,-47963.439731661965,47963.439731661965,-47963.439731661965,9334464.34094448,9334464.34094448,9334464.34094448,469586.50493772974,False,11
2023-11-06,96348.36731524082,-96348.36731524082,96348.36731524082,9430812.708259722,9430812.708259722,9430812.708259722,469586.50493772974,False,11
2023-11-07,-13717.251740101588,13717.251740101588,-13717.251740101588,9417095.45651962,9417095.45651962,9417095.45651962,469586.50493772974,False,11
2023-11-08,-21509.218298245003,21509.218298245003,-21509.218298245003,9395586.238221377,9395586.238221377,9395586.238221377,469586.50493772974,False,11
2023-11-09,42067.6447003819,-42067.6447003819,42067.6447003819,9437653.882921759,9437653.882921759,9437653.882921759,469586.50493772974,False,11
2023-11-10,27173.161541283545,-27173.161541283545,27173.161541283545,9464827.044463042,9464827.044463042,9464827.044463042,469586.50493772974,False,11
2023-11-13,13550.57973495202,-13550.57973495202,13550.57973495202,9478377.624197993,9478377.624197993,9478377.624197993,469586.50493772974,False,11
2023-11-14,17915.83734705876,-17915.83734705876,17915.83734705876,9496293.461545052,9496293.461545052,9496293.461545052,469586.50493772974,False,11
2023-11-15,-62610.434628849885,62610.434628849885,-62610.434628849885,9433683.026916202,9433683.026916202,9433683.026916202,469586.50493772974,False,11
2023-11-16,-104731.58257665441,104731.58257665441,-104731.58257665441,9328951.444339547,9328951.444339547,9328951.444339547,469586.50493772974,False,11
2023-11-17,-12532.133646397899,12532.133646397899,-12532.133646397899,9316419.310693149,9316419.310693149,9316419.310693149,469586.50493772974,False,11
2023-11-20,57748.25164831869,-57748.25164831869,57748.25164831869,9374167.56234147,9374167.56234147,9374167.56234147,469586.50493772974,False,11
2023-11-21,27890.42187691581,-27890.42187691581,27890.42187691581,9402057.984218385,9402057.984218385,9402057.984218385,469586.50493772974,False,11
2023-11-22,-31621.549482092207,31621.549482092207,-31621.549482092207,9370436.434736293,9370436.434736293,9370436.434736293,469586.50493772974,False,11
2023-11-23,42460.33289009903,-42460.33289009903,42460.33289009903,9412896.767626392,9412896.767626392,9412896.767626392,469586.50493772974,False,11
2023-11-24,67190.60144304282,-67190.60144304282,67190.60144304282,9480087.369069435,9480087.369069435,9480087.369069435,469586.50493772974,False,11
2023-11-27,9276.153558703047,-9276.153558703047,9276.153558703047,9489363.522628136,9489363.522628136,9489363.522628136,469586.50493772974,False,11
2023-11-28,31079.413884838392,-31079.413884838392,31079.413884838392,9520442.936512975,9520442.936512975,9520442.936512975,469586.50493772974,False,11
2023-11-29,52882.54659044749,-52882.54659044749,52882.54659044749,9573325.483103424,9573325.483103424,9573325.483103424,469586.50493772974,False,11
2023-11-30,36034.91232376606,-36034.91232376606,36034.91232376606,9609360.39542719,9609360.39542719,9609360.39542719,469586.50493772974,False,11
2023-12-01,-44009.61209628033,44009.61209628033,-44009.61209628033,9565350.783330908,9565350.783330906,9565350.783330906,478267.53916654544,True,12
2023-12-04,-28684.497496349515,28684.497496349515,-28684.497496349515,9536666.285834555,9536666.285834555,9536666.285834555,478267.53916654544,False,12
2023-12-05,-63215.773599832835,63215.773599832835,-63215.773599832835,9473450.512234721,9473450.512234721,9473450.512234721,478267.53916654544,False,12
2023-12-06,-29096.721648507617,29096.721648507617,-29096.721648507617,9444353.790586215,9444353.790586215,9444353.790586215,478267.53916654544,False,12
2023-12-07,-54812.65050786083,54812.65050786083,-54812.65050786083,9389541.140078355,9389541.140078355,9389541.140078355,478267.53916654544,False,12
2023-12-08,-36649.969851500275,36649.969851500275,-36649.969851500275,9352891.170226853,9352891.170226853,9352891.170226853,478267.53916654544,False,12
2023-12-11,-56179.89318736327,56179.89318736327,-56179.89318736327,9296711.277039489,9296711.277039489,9296711.277039489,478267.53916654544,False,12
2023-12-12,27630.090266779804,-27630.090266779804,27630.090266779804,9324341.36730627,9324341.36730627,9324341.36730627,478267.53916654544,False,12
2023-12-13,-43530.84215713704,43530.84215713704,-43530.84215713704,9280810.525149133,9280810.525149133,9280810.525149133,478267.53916654544,False,12
2023-12-14,-114827.8994178439,114827.8994178439,-114827.8994178439,9165982.62573129,9165982.62573129,9165982.62573129,478267.53916654544,False,12
2023-12-15,6727.153229607952,-6727.153229607952,6727.153229607952,9172709.778960897,9172709.778960897,9172709.778960897,478267.53916654544,False,12
2023-12-18,54761.03425332818,-54761.03425332818,54761.03425332818,9227470.813214224,9227470.813214224,9227470.813214224,478267.53916654544,False,12
2023-12-19,7462.212043176896,-7462.212043176896,7462.212043176896,9234933.025257401,9234933.025257401,9234933.025257401,478267.53916654544,False,12
2023-12-20,40807.10000954712,-40807.10000954712,40807.10000954712,9275740.12526695,9275740.12526695,9275740.12526695,478267.53916654544,False,12
2023-12-21,-9164.931948054062,9164.931948054062,-9164.931948054062,9266575.193318896,9266575.193318896,9266575.193318896,478267.53916654544,False,12
2023-12-22,-28660.27356936178,28660.27356936178,-28660.27356936178,9237914.919749532,9237914.919749532,9237914.919749532,478267.53916654544,False,12
2023-12-25,44123.59246686107,-44123.59246686107,44123.59246686107,9282038.512216395,9282038.512216395,9282038.512216395,478267.53916654544,False,12
2023-12-26,26729.8931808413,-26729.8931808413,26729.8931808413,9308768.405397236,9308768.405397236,9308768.405397236,478267.53916654544,False,12
2023-12-27,-78457.04285570822,78457.04285570822,-78457.04285570822,9230311.362541528,9230311.362541528,9230311.362541528,478267.53916654544,False,12
2023-12-28,23425.10643710721,-23425.10643710721,23425.10643710721,9253736.468978634,9253736.468978634,9253736.468978634,478267.53916654544,False,12
2023-12-29,76908.3433954112,-76908.3433954112,76908.3433954112,9330644.812374048,9330644.812374048,9330644.812374048,478267.53916654544,False,12
2024-01-01,-20334.429897502854,20334.429897502854,-20334.429897502854,9310310.382476544,9310310.382476542,9310310.382476542,465515.5191238272,True,13
2024-01-02,19891.774350027612,-19891.774350027612,19891.774350027612,9330202.156826567,9330202.156826567,9330202.156826567,465515.5191238272,False,13
2024-01-03,-51829.67033962647,51829.67033962647,-51829.67033962647,9278372.486486942,9278372.486486942,9278372.486486942,465515.5191238272,False,13
2024-01-04,-27825.367166787306,27825.367166787306,-27825.367166787306,9250547.119320154,9250547.119320154,9250547.119320154,465515.5191238272,False,13
2024-01-05,6887.519855551789,-6887.519855551789,6887.519855551789,9257434.639175706,9257434.639175706,9257434.639175706,465515.5191238272,False,13
2024-01-08,-13879.336471943066,13879.336471943066,-13879.336471943066,9243555.302703764,9243555.302703764,9243555.302703764,465515.5191238272,False,13
2024-01-09,17333.03703135593,-17333.03703135593,17333.03703135593,9260888.33973512,9260888.33973512,9260888.33973512,465515.5191238272,False,13
2024-01-10,-55124.80534062773,55124.80534062773,-55124.80534062773,9205763.534394491,9205763.534394491,9205763.534394491,465515.5191238272,False,13
2024-01-11,-52327.214933490366,52327.214933490366,-52327.214933490366,9153436.319461001,9153436.319461001,9153436.319461001,465515.5191238272,False,13
2024-01-12,37844.21477056893,-37844.21477056893,37844.21477056893,9191280.53423157,9191280.53423157,9191280.53423157,465515.5191238272,False,13
2024-01-15,95282.76011333143,-95282.76011333143,95282.76011333143,9286563.2943449,9286563.2943449,9286563.2943449,465515.5191238272,False,13
2024-01-16,-64232.03415913167,64232.03415913167,-64232.03415913167,9222331.26018577,9222331.26018577,9222331.26018577,465515.5191238272,False,13
2024-01-17,18415.85590650326,-18415.85590650326,18415.85590650326,9240747.116092272,9240747.116092272,9240747.116092272,465515.5191238272,False,13
2024-01-18,-7259.628956279834,7259.628956279834,-7259.628956279834,9233487.487135993,9233487.487135993,9233487.487135993,465515.5191238272,False,13
2024-01-19,8187.985205920443,-8187.985205920443,8187.985205920443,9241675.472341914,9241675.472341914,9241675.472341914,465515.5191238272,False,13
2024-01-22,-32240.143083198996,32240.143083198996,-32240.143083198996,9209435.329258714,9209435.329258714,9209435.329258714,465515.5191238272,False,13
2024-01-23,-36861.00312635032,36861.00312635032,-36861.00312635032,9172574.326132365,9172574.326132365,9172574.326132365,465515.5191238272,False,13
2024-01-24,9991.69503154768,-9991.69503154768,9991.69503154768,9182566.02116391,9182566.02116391,9182566.02116391,465515.5191238272,False,13
2024-01-25,-24500.56100143499,24500.56100143499,-24500.56100143499,9158065.460162478,9158065.460162478,9158065.460162478,465515.5191238272,False,13
2024-01-26,42942.38731087253,-42942.38731087253,42942.38731087253,9201007.84747335,9201007.84747335,9201007.84747335,465515.5191238272,False,13
2024-01-29,45557.84599942839,-45557.84599942839,45557.84599942839,9246565.693472778,9246565.693472778,9246565.693472778,465515.5191238272,False,13
2024-01-30,22264.28261648546,-22264.28261648546,22264.28261648546,9268829.976089263,9268829.976089263,9268829.976089263,465515.5191238272,False,13
2024-01-31,9294.264893878699,-9294.264893878699,9294.264893878699,9278124.240983142,9278124.240983142,9278124.240983142,465515.5191238272,False,13
2024-02-01,-35695.41993185293,35695.41993185293,-35695.41993185293,9242428.821051288,9242428.821051283,9242428.821051283,462121.4410525644,True,14
2024-02-02,-16090.07152956221,16090.07152956221,-16090.07152956221,9226338.749521723,9226338.749521723,9226338.749521723,462121.4410525644,False,14
2024-02-05,-19911.17827084753,19911.17827084753,-19911.17827084753,9206427.571250875,9206427.571250875,9206427.571250875,462121.4410525644,False,14
2024-02-06,5785.293330294427,-5785.293330294427,5785.293330294427,9212212.86458117,9212212.86458117,9212212.86458117,462121.4410525644,False,14
2024-02-07,23918.86243717497,-23918.86243717497,23918.86243717497,9236131.727018345,9236131.727018345,9236131.727018345,462121.4410525644,False,14
2024-02-08,-12690.919086988462,12690.919086988462,-12690.919086988462,9223440.807931356,9223440.807931356,9223440.807931356,462121.4410525644,False,14
2024-02-09,-109319.71877315314,109319.71877315314,-109319.71877315314,9114121.089158203,9114121.089158203,9114121.089158203,462121.4410525644,False,14
2024-02-12,15319.579465528348,-15319.579465528348,15319.579465528348,9129440.66862373,9129440.66862373,9129440.66862373,462121.4410525644,False,14
2024-02-13,-32760.515156717378,32760.515156717378,-32760.515156717378,9096680.153467014,9096680.153467014,9096680.153467014,462121.4410525644,False,14
2024-02-14,-23751.576791661642,23751.576791661642,-23751.576791661642,9072928.576675354,9072928.576675354,9072928.576675354,462121.4410525644,False,14
2024-02-15,6073.185778364219,-6073.185778364219,6073.185778364219,9079001.762453716,9079001.762453716,9079001.762453716,462121.4410525644,False,14
2024-02-16,-17182.471170567118,17182.471170567118,-17182.471170567118,9061819.29128315,9061819.29128315,9061819.29128315,462121.4410525644,False,14
2024-02-19,-14813.3173533161,14813.3173533161,-14813.3173533161,9047005.973929834,9047005.973929834,9047005.973929834,462121.4410525644,False,14
2024-02-20,75718.28376900217,-75718.28376900217,75718.28376900217,9122724.257698838,9122724.257698838,9122724.257698838,462121.4410525644,False,14
2024-02-21,-23713.98436944196,23713.98436944196,-23713.98436944196,9099010.273329396,9099010.273329396,9099010.273329396,462121.4410525644,False,14
2024-02-22,-44532.55681767624,44532.55681767624,-44532.55681767624,9054477.716511719,9054477.716511719,9054477.716511719,462121.4410525644,False,14
2024-02-23,28305.907500645666,-28305.907500645666,28305.907500645666,9082783.624012362,9082783.624012362,9082783.624012362,462121.4410525644,False,14
2024-02-26,45075.504938348946,-45075.504938348946,45075.504938348946,9127859.128950713,9127859.128950713,9127859.128950713,462121.4410525644,False,14
2024-02-27,156282.6259132861,-156282.6259132861,156282.6259132861,9284141.754864,9284141.754864,9284141.754864,462121.4410525644,False,14
2024-02-28,36834.34107255809,-36834.34107255809,36834.34107255809,9320976.095936557,9320976.095936557,9320976.095936557,462121.4410525644,False,14
2024-02-29,46726.560349966814,-46726.560349966814,46726.560349966814,9367702.656286525,9367702.656286525,9367702.656286525,462121.4410525644,False,14
2024-03-01,-34424.1415917113,34424.1415917113,-34424.1415917113,9333278.514694814,9333278.51469481,9333278.51469481,466663.9257347407,True,15
2024-03-04,-7711.423524656658,7711.423524656658,-7711.423524656658,9325567.091170153,9325567.091170153,9325567.091170153,466663.9257347407,False,15
2024-03-05,46744.66578773663,-46744.66578773663,46744.66578773663,9372311.756957889,9372311.756957889,9372311.756957889,466663.9257347407,False,15
2024-03-06,-927.1537308375033,927.1537308375033,-927.1537308375033,9371384.603227053,9371384.603227053,9371384.603227053,466663.9257347407,False,15
2024-03-07,70790.01866469212,-70790.01866469212,70790.01866469212,9442174.621891744,9442174.621891744,9442174.621891744,466663.9257347407,False,15
2024-03-08,-10543.854164368702,10543.854164368702,-10543.854164368702,9431630.767727375,9431630.767727375,9431630.767727375,466663.9257347407,False,15
2024-03-11,-22213.6283930623,22213.6283930623,-22213.6283930623,9409417.139334314,9409417.139334314,9409417.139334314,466663.9257347407,False,15
2024-03-12,38374.27897655534,-38374.27897655534,38374.27897655534,9447791.41831087,9447791.41831087,9447791.41831087,466663.9257347407,False,15
2024-03-13,-21043.17345409757,21043.17345409757,-21043.17345409757,9426748.244856771,9426748.244856771,9426748.244856771,466663.9257347407,False,15
2024-03-14,18573.51017674867,-18573.51017674867,18573.51017674867,9445321.755033521,9445321.755033521,9445321.755033521,466663.9257347407,False,15
2024-03-15,16358.20778158381,-16358.20778158381,16358.20778158381,9461679.962815104,9461679.962815104,9461679.962815104,466663.9257347407,False,15
2024-03-18,53246.39540069102,-53246.39540069102,53246.39540069102,9514926.358215794,9514926.358215794,9514926.358215794,466663.9257347407,False,15
2024-03-19,22268.606024185792,-22268.606024185792,22268.606024185792,9537194.964239981,9537194.964239981,9537194.964239981,466663.9257347407,False,15
2024-03-20,13467.278942383191,-13467.278942383191,13467.278942383191,9550662.243182365,9550662.243182365,9550662.243182365,466663.9257347407,False,15
2024-03-21,-6070.074741989959,6070.074741989959,-6070.074741989959,9544592.168440374,9544592.168440374,9544592.168440374,466663.9257347407,False,15
2024-03-22,33603.16919066898,-33603.16919066898,33603.16919066898,9578195.337631043,9578195.337631043,9578195.337631043,466663.9257347407,False,15
2024-03-25,-74152.98263361664,74152.98263361664,-74152.98263361664,9504042.354997426,9504042.354997426,9504042.354997426,466663.9257347407,False,15
2024-03-26,-58760.44047919518,58760.44047919518,-58760.44047919518,9445281.91451823,9445281.91451823,9445281.91451823,466663.9257347407,False,15
2024-03-27,754.5226405589324,-754.5226405589324,754.5226405589324,9446036.43715879,9446036.43715879,9446036.43715879,466663.9257347407,False,15
2024-03-28,14174.459695922138,-14174.459695922138,14174.459695922138,9460210.896854714,9460210.896854714,9460210.896854714,466663.9257347407,False,15
2024-03-29,17624.644414224123,-17624.644414224123,17624.644414224123,9477835.541268935,9477835.541268935,9477835.541268935,466663.9257347407,False,15
2024-04-01,18473.43249748295,-18473.43249748295,18473.43249748295,9496308.97376642,9496308.973766416,9496308.973766416,474815.44868832105,True,16
2024-04-02,28792.823845051847,-28792.823845051847,28792.823845051847,9525101.797611468,9525101.797611468,9525101.797611468,474815.44868832105,False,16
2024-04-03,42499.21378334044,-42499.21378334044,42499.21378334044,9567601.011394808,9567601.011394808,9567601.011394808,474815.44868832105,False,16
2024-04-04,-917.2173077855639,917.2173077855639,-917.2173077855639,9566683.794087023,9566683.794087023,9566683.794087023,474815.44868832105,False,16
2024-04-05,27782.794085223337,-27782.794085223337,27782.794085223337,9594466.588172246,9594466.588172246,9594466.588172246,474815.44868832105,False,16
2024-04-08,93015.02372565723,-93015.02372565723,93015.02372565723,9687481.611897903,9687481.611897903,9687481.611897903,474815.44868832105,False,16
2024-04-09,18522.95761242464,-18522.95761242464,18522.95761242464,9706004.56951033,9706004.56951033,9706004.56951033,474815.44868832105,False,16
2024-04-10,16529.767908666065,-16529.767908666065,16529.767908666065,9722534.337418994,9722534.337418994,9722534.337418994,474815.44868832105,False,16
2024-04-11,-16585.2786386899,16585.2786386899,-16585.2786386899,9705949.058780305,9705949.058780305,9705949.058780305,474815.44868832105,False,16
2024-04-12,-52058.08592057832,52058.08592057832,-52058.08592057832,9653890.972859725,9653890.972859725,9653890.972859725,474815.44868832105,False,16
2024-04-15,-46671.44261818744,46671.44261818744,-46671.44261818744,9607219.530241538,9607219.530241538,9607219.530241538,474815.44868832105,False,16
2024-04-16,23777.62591185921,-23777.62591185921,23777.62591185921,9630997.156153396,9630997.156153396,9630997.156153396,474815.44868832105,False,16
2024-04-17,-18435.419747546293,18435.419747546293,-18435.419747546293,9612561.736405851,9612561.736405851,9612561.736405851,474815.44868832105,False,16
2024-04-18,-94438.28261077357,94438.28261077357,-94438.28261077357,9518123.453795077,9518123.453795077,9518123.453795077,474815.44868832105,False,16
2024-04-19,-52236.22253496427,52236.22253496427,-52236.22253496427,9465887.231260113,9465887.231260113,9465887.231260113,474815.44868832105,False,16
2024-04-22,12108.715828416724,-12108.715828416724,12108.715828416724,9477995.947088528,9477995.947088528,9477995.947088528,474815.44868832105,False,16
2024-04-23,-76775.25561259165,76775.25561259165,-76775.25561259165,9401220.691475939,9401220.691475939,9401220.691475939,474815.44868832105,False,16
2024-04-24,46461.313007570665,-46461.313007570665,46461.313007570665,9447682.00448351,9447682.00448351,9447682.00448351,474815.44868832105,False,16
2024-04-25,-66845.64922568828,66845.64922568828,-66845.64922568828,9380836.35525782,9380836.35525782,9380836.35525782,474815.44868832105,False,16
2024-04-26,-12116.443366018342,12116.443366018342,-12116.443366018342,9368719.911891801,9368719.911891801,9368719.911891801,474815.44868832105,False,16
2024-04-29,-19030.621018280064,19030.621018280064,-19030.621018280064,9349689.290873522,9349689.290873522,9349689.290873522,474815.44868832105,False,16
2024-04-30,50484.977305321,-50484.977305321,50484.977305321,9400174.268178843,9400174.268178843,9400174.268178843,474815.44868832105,False,16
2024-05-01,-47258.927631970546,47258.927631970546,-47258.927631970546,9352915.340546872,9352915.340546867,9352915.340546867,467645.7670273436,True,17
2024-05-02,-7070.074840261176,7070.074840261176,-7070.074840261176,9345845.265706606,9345845.265706606,9345845.265706606,467645.7670273436,False,17
2024-05-03,-41292.40676095789,41292.40676095789,-41292.40676095789,9304552.85894565,9304552.85894565,9304552.85894565,467645.7670273436,False,17
2024-05-06,10574.636294779772,-10574.636294779772,10574.636294779772,9315127.49524043,9315127.49524043,9315127.49524043,467645.7670273436,False,17
2024-05-07,-47546.24606270053,47546.24606270053,-47546.24606270053,9267581.24917773,9267581.24917773,9267581.24917773,467645.7670273436,False,17
2024-05-08,-1315.589581485844,1315.589581485844,-1315.589581485844,9266265.659596244,9266265.659596244,9266265.659596244,467645.7670273436,False,17
2024-05-09,9715.07842347318,-9715.07842347318,9715.07842347318,9275980.738019716,9275980.738019716,9275980.738019716,467645.7670273436,False,17
2024-05-10,-35932.88164515745,35932.88164515745,-35932.88164515745,9240047.856374558,9240047.856374558,9240047.856374558,467645.7670273436,False,17
2024-05-13,67309.34428346349,-67309.34428346349,67309.34428346349,9307357.200658021,9307357.200658021,9307357.200658021,467645.7670273436,False,17
2024-05-14,16262.086048121824,-16262.086048121824,16262.086048121824,9323619.286706146,9323619.286706146,9323619.286706146,467645.7670273436,False,17
2024-05-15,-44972.16489168375,44972.16489168375,-44972.16489168375,9278647.121814461,9278647.121814461,9278647.121814461,467645.7670273436,False,17
2024-05-16,15362.605317453377,-15362.605317453377,15362.605317453377,9294009.727131914,9294009.727131914,9294009.727131914,467645.7670273436,False,17
2024-05-17,27844.8053864161,-27844.8053864161,27844.8053864161,9321854.532518331,9321854.532518331,9321854.532518331,467645.7670273436,False,17
2024-05-20,27298.92148931916,-27298.92148931916,27298.92148931916,9349153.454007648,9349153.454007648,9349153.454007648,467645.7670273436,False,17
2024-05-21,44265.1049328876,-44265.1049328876,44265.1049328876,9393418.558940537,9393418.558940537,9393418.558940537,467645.7670273436,False,17
2024-05-22,152489.71279618054,-152489.71279618054,152489.71279618054,9545908.271736717,9545908.271736717,9545908.271736717,467645.7670273436,False,17
2024-05-23,54698.99469948247,-54698.99469948247,54698.99469948247,9600607.2664362,9600607.2664362,9600607.2664362,467645.7670273436,False,17
2024-05-24,27952.57903112179,-27952.57903112179,27952.57903112179,9628559.845467322,9628559.845467322,9628559.845467322,467645.7670273436,False,17
2024-05-27,29308.665940163934,-29308.665940163934,29308.665940163934,9657868.511407485,9657868.511407485,9657868.511407485,467645.7670273436,False,17
2024-05-28,-37985.87895209573,37985.87895209573,-37985.87895209573,9619882.63245539,9619882.63245539,9619882.63245539,467645.7670273436,False,17
2024-05-29,59102.43154158972,-59102.43154158972,59102.43154158972,9678985.063996978,9678985.063996978,9678985.063996978,467645.7670273436,False,17
2024-05-30,-20371.951774835798,20371.951774835798,-20371.951774835798,9658613.112222143,9658613.112222143,9658613.112222143,467645.7670273436,False,17
2024-05-31,24164.069503888808,-24164.069503888808,24164.069503888808,9682777.181726031,9682777.181726031,9682777.181726031,467645.7670273436,False,17
2024-06-03,9953.402802988458,-9953.402802988458,9953.402802988458,9692730.58452902,9692730.584529016,9692730.584529016,484636.529226451,True,18
2024-06-04,-52606.03743976729,52606.03743976729,-52606.03743976729,9640124.547089249,9640124.547089249,9640124.547089249,484636.529226451,False,18
2024-06-05,-33117.61173365817,33117.61173365817,-33117.61173365817,9607006.935355589,9607006.935355589,9607006.935355589,484636.529226451,False,18
2024-06-06,44540.68929132601,-44540.68929132601,44540.68929132601,9651547.624646917,9651547.624646917,9651547.624646917,484636.529226451,False,18
2024-06-07,31930.38007786757,-31930.38007786757,31930.38007786757,9683478.004724786,9683478.004724786,9683478.004724786,484636.529226451,False,18
2024-06-10,-2523.055577817021,2523.055577817021,-2523.055577817021,9680954.949146967,9680954.949146967,9680954.949146967,484636.529226451,False,18
2024-06-11,-90245.40881054052,90245.40881054052,-90245.40881054052,9590709.540336426,9590709.540336426,9590709.540336426,484636.529226451,False,18
2024-06-12,-20582.989833671018,20582.989833671018,-20582.989833671018,9570126.550502757,9570126.550502757,9570126.550502757,484636.529226451,False,18
2024-06-13,22907.986560819172,-22907.986560819172,22907.986560819172,9593034.537063576,9593034.537063576,9593034.537063576,484636.529226451,False,18
2024-06-14,-41538.93767505647,41538.93767505647,-41538.93767505647,9551495.599388517,9551495.599388517,9551495.599388517,484636.529226451,False,18
2024-06-17,-15449.518804309304,15449.518804309304,-15449.518804309304,9536046.08058421,9536046.08058421,9536046.08058421,484636.529226451,False,18
2024-06-18,4293.067055753976,-4293.067055753976,4293.067055753976,9540339.147639964,9540339.147639964,9540339.147639964,484636.529226451,False,18
2024-06-19,-49489.60890147575,49489.60890147575,-49489.60890147575,9490849.538738487,9490849.538738487,9490849.538738487,484636.529226451,False,18
2024-06-20,-21.242343754819565,21.242343754819565,-21.242343754819565,9490828.296394732,9490828.296394732,9490828.296394732,484636.529226451,False,18
2024-06-21,31132.99126969074,-31132.99126969074,31132.99126969074,9521961.287664423,9521961.287664423,9521961.287664423,484636.529226451,False,18
2024-06-24,-46477.058034552625,46477.058034552625,-46477.058034552625,9475484.22962987,9475484.22962987,9475484.22962987,484636.529226451,False,18
2024-06-25,-22105.23019608789,22105.23019608789,-22105.23019608789,9453378.999433782,9453378.999433782,9453378.999433782,484636.529226451,False,18
2024-06-26,-27603.861809095946,27603.861809095946,-27603.861809095946,9425775.137624685,9425775.137624685,9425775.137624685,484636.529226451,False,18
2024-06-27,-1317.0585258174265,1317.0585258174265,-1317.0585258174265,9424458.07909887,9424458.07909887,9424458.07909887,484636.529226451,False,18
2024-06-28,78.25314027125901,-78.25314027125901,78.25314027125901,9424536.33223914,9424536.33223914,9424536.33223914,484636.529226451,False,18
2024-07-01,598.2632820924799,-598.2632820924799,598.2632820924799,9425134.595521234,9425134.59552123,9425134.59552123,471256.7297760617,True,19
2024-07-02,-89022.37154002758,89022.37154002758,-89022.37154002758,9336112.223981202,9336112.223981202,9336112.223981202,471256.7297760617,False,19
2024-07-03,13212.086538294407,-13212.086538294407,13212.086538294407,9349324.310519498,9349324.310519498,9349324.310519498,471256.7297760617,False,19
2024-07-04,68237.0686631575,-68237.0686631575,68237.0686631575,9417561.379182655,9417561.379182655,9417561.379182655,471256.7297760617,False,19
2024-07-05,-8616.329347895266,8616.329347895266,-8616.329347895266,9408945.049834758,9408945.049834758,9408945.049834758,471256.7297760617,False,19
2024-07-08,-19292.16728461316,19292.16728461316,-19292.16728461316,9389652.882550146,9389652.882550146,9389652.882550146,471256.7297760617,False,19
2024-07-09,-29189.277167917713,29189.277167917713,-29189.277167917713,9360463.605382226,9360463.605382226,9360463.605382226,471256.7297760617,False,19
2024-07-10,-36776.716128160086,36776.716128160086,-36776.716128160086,9323686.889254069,9323686.889254069,9323686.889254069,471256.7297760617,False,19
2024-07-11,29051.85170421972,-29051.85170421972,29051.85170421972,9352738.740958288,9352738.740958288,9352738.740958288,471256.7297760617,False,19
2024-07-12,-18428.528417278238,18428.528417278238,-18428.528417278238,9334310.21254101,9334310.21254101,9334310.21254101,471256.7297760617,False,19
2024-07-15,6950.050701686687,-6950.050701686687,6950.050701686687,9341260.263242695,9341260.263242695,9341260.263242695,471256.7297760617,False,19
2024-07-16,-18359.741050425866,18359.741050425866,-18359.741050425866,9322900.52219227,9322900.52219227,9322900.52219227,471256.7297760617,False,19
2024-07-17,24362.4678378257,-24362.4678378257,24362.4678378257,9347262.990030095,9347262.990030095,9347262.990030095,471256.7297760617,False,19
2024-07-18,42634.31850287555,-42634.31850287555,42634.31850287555,9389897.308532972,9389897.308532972,9389897.308532972,471256.7297760617,False,19
2024-07-19,-5364.289875788437,5364.289875788437,-5364.289875788437,9384533.018657183,9384533.018657183,9384533.018657183,471256.7297760617,False,19
2024-07-22,-18256.738012888112,18256.738012888112,-18256.738012888112,9366276.280644294,9366276.280644294,9366276.280644294,471256.7297760617,False,19
2024-07-23,-10027.105277369927,10027.105277369927,-10027.105277369927,9356249.175366925,9356249.175366925,9356249.175366925,471256.7297760617,False,19
2024-07-24,35470.83238767114,-35470.83238767114,35470.83238767114,9391720.007754594,9391720.007754594,9391720.007754594,471256.7297760617,False,19
2024-07-25,2144.391968301332,-2144.391968301332,2144.391968301332,9393864.399722897,9393864.399722897,9393864.399722897,471256.7297760617,False,19
2024-07-26,-22078.768231197555,22078.768231197555,-22078.768231197555,9371785.6314917,9371785.6314917,9371785.6314917,471256.7297760617,False,19
2024-07-29,10221.279790056231,-10221.279790056231,10221.279790056231,9382006.911281755,9382006.911281755,9382006.911281755,471256.7297760617,False,19
2024-07-30,61467.176333328614,-61467.176333328614,61467.176333328614,9443474.087615084,9443474.087615084,9443474.087615084,471256.7297760617,False,19
2024-07-31,33623.32446615292,-33623.32446615292,33623.32446615292,9477097.412081238,9477097.412081238,9477097.412081238,471256.7297760617,False,19
2024-08-01,25087.85364844381,-25087.85364844381,25087.85364844381,9502185.26572968,9502185.265729677,9502185.265729677,475109.26328648406,True,20
2024-08-02,-25473.27701620382,25473.27701620382,-25473.27701620382,9476711.988713473,9476711.988713473,9476711.988713473,475109.26328648406,False,20
2024-08-05,52258.71298766374,-52258.71298766374,52258.71298766374,9528970.701701138,9528970.701701138,9528970.701701138,475109.26328648406,False,20
2024-08-06,-9252.77760704357,9252.77760704357,-9252.77760704357,9519717.924094096,9519717.924094096,9519717.924094096,475109.26328648406,False,20
2024-08-07,18957.859433229147,-18957.859433229147,18957.859433229147,9538675.783527322,9538675.783527322,9538675.783527322,475109.26328648406,False,20
2024-08-08,-62258.71419182182,62258.71419182182,-62258.71419182182,9476417.069335502,9476417.069335502,9476417.069335502,475109.26328648406,False,20
2024-08-09,25144.735500616418,-25144.735500616418,25144.735500616418,9501561.804836117,9501561.804836117,9501561.804836117,475109.26328648406,False,20
2024-08-12,69259.16320469514,-69259.16320469514,69259.16320469514,9570820.968040813,9570820.968040813,9570820.968040813,475109.26328648406,False,20
2024-08-13,-8540.128733106563,8540.128733106563,-8540.128733106563,9562280.839307707,9562280.839307707,9562280.839307707,475109.26328648406,False,20
2024-08-14,-28680.82456523458,28680.82456523458,-28680.82456523458,9533600.014742471,9533600.014742471,9533600.014742471,475109.26328648406,False,20
2024-08-15,32600.336084270533,-32600.336084270533,32600.336084270533,9566200.350826742,9566200.350826742,9566200.350826742,475109.26328648406,False,20
2024-08-16,92691.80281567294,-92691.80281567294,92691.80281567294,9658892.153642416,9658892.153642416,9658892.153642416,475109.26328648406,False,20
2024-08-19,35983.66833672545,-35983.66833672545,35983.66833672545,9694875.821979139,9694875.821979139,9694875.821979139,475109.26328648406,False,20
2024-08-20,-5565.664347905275,5565.664347905275,-5565.664347905275,9689310.157631237,9689310.157631237,9689310.157631237,475109.26328648406,False,20
2024-08-21,-13472.880244133152,13472.880244133152,-13472.880244133152,9675837.277387103,9675837.277387103,9675837.277387103,475109.26328648406,False,20
2024-08-22,46631.634596233685,-46631.634596233685,46631.634596233685,9722468.911983335,9722468.911983335,9722468.911983335,475109.26328648406,False,20
2024-08-23,-46623.01301460127,46623.01301460127,-46623.01301460127,9675845.898968734,9675845.898968734,9675845.898968734,475109.26328648406,False,20
2024-08-26,37042.257509310264,-37042.257509310264,37042.257509310264,9712888.156478044,9712888.156478044,9712888.156478044,475109.26328648406,False,20
2024-08-27,-17034.698500093185,17034.698500093185,-17034.698500093185,9695853.45797795,9695853.45797795,9695853.45797795,475109.26328648406,False,20
2024-08-28,-15017.258802283573,15017.258802283573,-15017.258802283573,9680836.199175667,9680836.199175667,9680836.199175667,475109.26328648406,False,20
2024-08-29,30746.74588422187,-30746.74588422187,30746.74588422187,9711582.94505989,9711582.94505989,9711582.94505989,475109.26328648406,False,20
2024-08-30,-13715.810325002014,13715.810325002014,-13715.810325002014,9697867.134734888,9697867.134734888,9697867.134734888,475109.26328648406,False,20
2024-09-02,54010.123895321194,-54010.123895321194,54010.123895321194,9751877.258630209,9751877.258630205,9751877.258630205,487593.86293151043,True,21
2024-09-03,-78226.99793750174,78226.99793750174,-78226.99793750174,9673650.260692704,9673650.260692704,9673650.260692704,487593.86293151043,False,21
2024-09-04,-9058.199668676276,9058.199668676276,-9058.199668676276,9664592.061024027,9664592.061024027,9664592.061024027,487593.86293151043,False,21
2024-09-05,38028.63911364601,-38028.63911364601,38028.63911364601,9702620.700137673,9702620.700137673,9702620.700137673,487593.86293151043,False,21
2024-09-06,-92301.6645039524,92301.6645039524,-92301.6645039524,9610319.03563372,9610319.03563372,9610319.03563372,487593.86293151043,False,21
2024-09-09,45563.414520957456,-45563.414520957456,45563.414520957456,9655882.450154677,9655882.450154677,9655882.450154677,487593.86293151043,False,21
2024-09-10,294.8599629357204,-294.8599629357204,294.8599629357204,9656177.310117614,9656177.310117614,9656177.310117614,487593.86293151043,False,21
2024-09-11,965.2123214240762,-965.2123214240762,965.2123214240762,9657142.522439038,9657142.522439038,9657142.522439038,487593.86293151043,False,21
2024-09-12,73014.37112053146,-73014.37112053146,73014.37112053146,9730156.893559568,9730156.893559568,9730156.893559568,487593.86293151043,False,21
2024-09-13,42346.82819154384,-42346.82819154384,42346.82819154384,9772503.721751112,9772503.721751112,9772503.721751112,487593.86293151043,False,21
2024-09-16,-48200.80684741798,48200.80684741798,-48200.80684741798,9724302.914903695,9724302.914903695,9724302.914903695,487593.86293151043,False,21
2024-09-17,-19001.84955146684,19001.84955146684,-19001.84955146684,9705301.065352228,9705301.065352228,9705301.065352228,487593.86293151043,False,21
2024-09-18,-19826.412023212088,19826.412023212088,-19826.412023212088,9685474.653329017,9685474.653329017,9685474.653329017,487593.86293151043,False,21
2024-09-19,10807.77426348879,-10807.77426348879,10807.77426348879,9696282.427592505,9696282.427592505,9696282.427592505,487593.86293151043,False,21
2024-09-20,48745.247099278124,-48745.247099278124,48745.247099278124,9745027.674691783,9745027.674691783,9745027.674691783,487593.86293151043,False,21
2024-09-23,20818.01515631004,-20818.01515631004,20818.01515631004,9765845.689848091,9765845.689848091,9765845.689848091,487593.86293151043,False,21
2024-09-24,22689.119242185934,-22689.119242185934,22689.119242185934,9788534.809090279,9788534.809090279,9788534.809090279,487593.86293151043,False,21
2024-09-25,-72688.07106627624,72688.07106627624,-72688.07106627624,9715846.738024004,9715846.738024004,9715846.738024004,487593.86293151043,False,21
2024-09-26,-5354.785353348595,5354.785353348595,-5354.785353348595,9710491.952670654,9710491.952670654,9710491.952670654,487593.86293151043,False,21
2024-09-27,-36261.869063007,36261.869063007,-36261.869063007,9674230.083607648,9674230.083607648,9674230.083607648,487593.86293151043,False,21
2024-09-30,16857.54619321576,-16857.54619321576,16857.54619321576,9691087.629800864,9691087.629800864,9691087.629800864,487593.86293151043,False,21
2024-10-01,4956.250568382697,-4956.250568382697,4956.250568382697,9696043.880369246,9696043.880369242,9696043.880369242,484802.1940184623,True,22
2024-10-02,22780.500310897067,-22780.500310897067,22780.500310897067,9718824.38068014,9718824.38068014,9718824.38068014,484802.1940184623,False,22
2024-10-03,2259.3357039568314,-2259.3357039568314,2259.3357039568314,9721083.716384096,9721083.716384096,9721083.716384096,484802.1940184623,False,22
2024-10-04,-9063.970224219598,9063.970224219598,-9063.970224219598,9712019.746159878,9712019.746159878,9712019.746159878,484802.1940184623,False,22
2024-10-07,12497.404377430732,-12497.404377430732,12497.404377430732,9724517.150537308,9724517.150537308,9724517.150537308,484802.1940184623,False,22
2024-10-08,46342.4843409292,-46342.4843409292,46342.4843409292,9770859.634878237,9770859.634878237,9770859.634878237,484802.1940184623,False,22
2024-10-09,28320.788552469126,-28320.788552469126,28320.788552469126,9799180.423430707,9799180.423430707,9799180.423430707,484802.1940184623,False,22
2024-10-10,18198.939447595243,-18198.939447595243,18198.939447595243,9817379.362878302,9817379.362878302,9817379.362878302,484802.1940184623,False,22
2024-10-11,-50426.40829397263,50426.40829397263,-50426.40829397263,9766952.954584328,9766952.954584328,9766952.954584328,484802.1940184623,False,22
2024-10-14,-117644.16516807485,117644.16516807485,-117644.16516807485,9649308.789416254,9649308.789416254,9649308.789416254,484802.1940184623,False,22
2024-10-15,44113.216590722535,-44113.216590722535,44113.216590722535,9693422.006006978,9693422.006006978,9693422.006006978,484802.1940184623,False,22
2024-10-16,-33424.088864140416,33424.088864140416,-33424.088864140416,9659997.917142836,9659997.917142836,9659997.917142836,484802.1940184623,False,22
2024-10-17,-60228.667999209116,60228.667999209116,-60228.667999209116,9599769.249143627,9599769.249143627,9599769.249143627,484802.1940184623,False,22
2024-10-18,-86406.10534977278,86406.10534977278,-86406.10534977278,9513363.143793855,9513363.143793855,9513363.143793855,484802.1940184623,False,22
2024-10-21,22933.194442933192,-22933.194442933192,22933.194442933192,9536296.338236786,9536296.338236786,9536296.338236786,484802.1940184623,False,22
2024-10-22,48062.004322525405,-48062.004322525405,48062.004322525405,9584358.342559312,9584358.342559312,9584358.342559312,484802.1940184623,False,22
2024-10-23,13391.700938644311,-13391.700938644311,13391.700938644311,9597750.043497957,9597750.043497957,9597750.043497957,484802.1940184623,False,22
2024-10-24,38512.375833939346,-38512.375833939346,38512.375833939346,9636262.419331897,9636262.419331897,9636262.419331897,484802.1940184623,False,22
2024-10-25,-101770.0398877444,101770.0398877444,-101770.0398877444,9534492.379444152,9534492.379444152,9534492.379444152,484802.1940184623,False,22
2024-10-28,5839.798737450734,-5839.798737450734,5839.798737450734,9540332.178181604,9540332.178181604,9540332.178181604,484802.1940184623,False,22
2024-10-29,-16273.387733293397,16273.387733293397,-16273.387733293397,9524058.790448308,9524058.790448308,9524058.790448308,484802.1940184623,False,22
2024-10-30,11032.972089560124,-11032.972089560124,11032.972089560124,9535091.762537869,9535091.762537869,9535091.762537869,484802.1940184623,False,22
2024-10-31,36092.237897936684,-36092.237897936684,36092.237897936684,9571184.000435807,9571184.000435807,9571184.000435807,484802.1940184623,False,22
2024-11-01,-10304.608347789288,10304.608347789288,-10304.608347789288,9560879.392088016,9560879.392088013,9560879.392088013,478043.96960440086,True,23
2024-11-04,3406.8744608215034,-3406.8744608215034,3406.8744608215034,9564286.266548835,9564286.266548835,9564286.266548835,478043.96960440086,False,23
2024-11-05,-81423.66304725865,81423.66304725865,-81423.66304725865,9482862.603501575,9482862.603501575,9482862.603501575,478043.96960440086,False,23
2024-11-06,18863.501755640984,-18863.501755640984,18863.501755640984,9501726.105257217,9501726.105257217,9501726.105257217,478043.96960440086,False,23
2024-11-07,-7490.508976673102,7490.508976673102,-7490.508976673102,9494235.596280543,9494235.596280543,9494235.596280543,478043.96960440086,False,23
2024-11-08,-39323.51427279694,39323.51427279694,-39323.51427279694,9454912.082007747,9454912.082007747,9454912.082007747,478043.96960440086,False,23
2024-11-11,-70526.89942800529,70526.89942800529,-70526.89942800529,9384385.18257974,9384385.18257974,9384385.18257974,478043.96960440086,False,23
2024-11-12,-3185.255678771143,3185.255678771143,-3185.255678771143,9381199.926900972,9381199.926900972,9381199.926900972,478043.96960440086,False,23
2024-11-13,-27468.77296232287,27468.77296232287,-27468.77296232287,9353731.153938647,9353731.153938647,9353731.153938647,478043.96960440086,False,23
2024-11-14,-28170.287325270212,28170.287325270212,-28170.287325270212,9325560.866613377,9325560.866613377,9325560.866613377,478043.96960440086,False,23
2024-11-15,-27965.09976201003,27965.09976201003,-27965.09976201003,9297595.766851366,9297595.766851366,9297595.766851366,478043.96960440086,False,23
2024-11-18,-15151.15354227683,15151.15354227683,-15151.15354227683,9282444.613309091,9282444.613309091,9282444.613309091,478043.96960440086,False,23
2024-11-19,10013.200867318541,-10013.200867318541,10013.200867318541,9292457.814176409,9292457.814176409,9292457.814176409,478043.96960440086,False,23
2024-11-20,-80410.80951535048,80410.80951535048,-80410.80951535048,9212047.004661057,9212047.004661057,9212047.004661057,478043.96960440086,False,23
2024-11-21,-47722.30129342549,47722.30129342549,-47722.30129342549,9164324.703367634,9164324.703367634,9164324.703367634,478043.96960440086,False,23
2024-11-22,22515.93372658699,-22515.93372658699,22515.93372658699,9186840.637094222,9186840.637094222,9186840.637094222,478043.96960440086,False,23
2024-11-25,15022.106325427863,-15022.106325427863,15022.106325427863,9201862.743419647,9201862.743419647,9201862.743419647,478043.96960440086,False,23
2024-11-26,28441.792261677132,-28441.792261677132,28441.792261677132,9230304.535681326,9230304.535681326,9230304.535681326,478043.96960440086,False,23
2024-11-27,17133.78060418469,-17133.78060418469,17133.78060418469,9247438.31628551,9247438.31628551,9247438.31628551,478043.96960440086,False,23
2024-11-28,-12665.820566028131,12665.820566028131,-12665.820566028131,9234772.495719481,9234772.495719481,9234772.495719481,478043.96960440086,False,23
2024-11-29,-28998.871943837585,28998.871943837585,-28998.871943837585,9205773.623775644,9205773.623775644,9205773.623775644,478043.96960440086,False,23
2024-12-02,38283.81563093019,-38283.81563093019,38283.81563093019,9244057.439406574,9244057.439406572,9244057.439406572,462202.87197032874,True,24
2024-12-03,-62521.30294033933,62521.30294033933,-62521.30294033933,9181536.136466231,9181536.136466231,9181536.136466231,462202.87197032874,False,24
2024-12-04,-32612.729097932726,32612.729097932726,-32612.729097932726,9148923.407368299,9148923.407368299,9148923.407368299,462202.87197032874,False,24
2024-12-05,-1512.6136659754623,1512.6136659754623,-1512.6136659754623,9147410.793702323,9147410.793702323,9147410.793702323,462202.87197032874,False,24
2024-12-06,-39988.213133146215,39988.213133146215,-39988.213133146215,9107422.580569178,9107422.580569178,9107422.580569178,462202.87197032874,False,24
2024-12-09,9324.842264099387,-9324.842264099387,9324.842264099387,9116747.422833277,9116747.422833277,9116747.422833277,462202.87197032874,False,24
2024-12-10,20100.44849615322,-20100.44849615322,20100.44849615322,9136847.87132943,9136847.87132943,9136847.87132943,462202.87197032874,False,24
2024-12-11,11183.542428943992,-11183.542428943992,11183.542428943992,9148031.413758373,9148031.413758373,9148031.413758373,462202.87197032874,False,24
2024-12-12,-43051.17805517594,43051.17805517594,-43051.17805517594,9104980.235703196,9104980.235703196,9104980.235703196,462202.87197032874,False,24
2024-12-13,-22893.44775009526,22893.44775009526,-22893.44775009526,9082086.787953103,9082086.787953103,9082086.787953103,462202.87197032874,False,24
2024-12-16,-43467.88433846602,43467.88433846602,-43467.88433846602,9038618.903614637,9038618.903614637,9038618.903614637,462202.87197032874,False,24
2024-12-17,8823.54921247775,-8823.54921247775,8823.54921247775,9047442.452827115,9047442.452827115,9047442.452827115,462202.87197032874,False,24
2024-12-18,-8121.82175694877,8121.82175694877,-8121.82175694877,9039320.631070165,9039320.631070165,9039320.631070165,462202.87197032874,False,24
2024-12-19,-8546.395199157445,8546.395199157445,-8546.395199157445,9030774.235871006,9030774.235871006,9030774.235871006,462202.87197032874,False,24
2024-12-20,17986.82117911522,-17986.82117911522,17986.82117911522,9048761.057050122,9048761.057050122,9048761.057050122,462202.87197032874,False,24
2024-12-23,-23614.52553255608,23614.52553255608,-23614.52553255608,9025146.531517567,9025146.531517567,9025146.531517567,462202.87197032874,False,24
2024-12-24,206.71083026030897,-206.71083026030897,206.71083026030897,9025353.242347827,9025353.242347827,9025353.242347827,462202.87197032874,False,24
2024-12-25,30687.550337874207,-30687.550337874207,30687.550337874207,9056040.7926857,9056040.7926857,9056040.7926857,462202.87197032874,False,24
2024-12-26,1352.5255769083712,-1352.5255769083712,1352.5255769083712,9057393.31826261,9057393.31826261,9057393.31826261,462202.87197032874,False,24
2024-12-27,-12187.056840058864,12187.056840058864,-12187.056840058864,9045206.26142255,9045206.26142255,9045206.26142255,462202.87197032874,False,24
2024-12-30,17623.17451144596,-17623.17451144596,17623.17451144596,9062829.435933996,9062829.435933996,9062829.435933996,462202.87197032874,False,24
2024-12-31,1381.0968794435526,-1381.0968794435526,1381.0968794435526,9064210.532813441,9064210.532813441,9064210.532813441,462202.87197032874,False,24
